<?xml version="1.0" encoding="UTF-8"?>

<mule xmlns:smtp="http://www.mulesoft.org/schema/mule/smtp"
	xmlns:scripting="http://www.mulesoft.org/schema/mule/scripting"
	xmlns="http://www.mulesoft.org/schema/mule/core" xmlns:doc="http://www.mulesoft.org/schema/mule/documentation"
	xmlns:spring="http://www.springframework.org/schema/beans" 
	xmlns:xsi="http://www.w3.org/2001/XMLSchema-instance"
	xsi:schemaLocation="http://www.mulesoft.org/schema/mule/smtp http://www.mulesoft.org/schema/mule/smtp/current/mule-smtp.xsd
http://www.mulesoft.org/schema/mule/scripting http://www.mulesoft.org/schema/mule/scripting/current/mule-scripting.xsd
http://www.springframework.org/schema/beans http://www.springframework.org/schema/beans/spring-beans-current.xsd
http://www.mulesoft.org/schema/mule/core http://www.mulesoft.org/schema/mule/core/current/mule.xsd">
    <sub-flow name="exceptionNotofications">
                <scripting:component doc:name="emailGroovy">
                    <scripting:script engine="Groovy"><![CDATA[import org.mule.api.transport.PropertyScope

def fromAddr = ${support.fromaddress}
def toAddr = ${support.toaddress}
def ccaddress=${support.ccaddress}

def subj = ${support.subject}

def emailMap = [fromAddress:fromAddr, toAddress:toAddr, subject:subj,ccAddress:ccaddress]

message.setProperty('emailMap',emailMap,PropertyScope.SESSION)

return message.payload
]]></scripting:script>
                </scripting:component>
                <string-to-byte-array-transformer doc:name="stringToByteArray"/>
                <!-- <logger message="Before the SMTP Component" level="INFO" doc:name="Logger"/> -->
                <smtp:outbound-endpoint host="${email.smtphost}" port="${email.smtpport}" to="#[sessionVars['emailMap'].toAddress]" from="#[sessionVars['emailMap'].fromAddress]" subject="#[sessionVars['emailMap'].subject]" responseTimeout="10000" doc:name="smtp" cc="#[sessionVars['emailMap'].ccAddress]">
                
                </smtp:outbound-endpoint>
        <logger message="Email Sent." level="INFO" doc:name="Logger"/>
           
       
        
    </sub-flow>


</mule>
