<?xml version="1.0" encoding="UTF-8"?>

<mule xmlns:smtp="http://www.mulesoft.org/schema/mule/smtp"
	xmlns:dw="http://www.mulesoft.org/schema/mule/ee/dw" xmlns:db="http://www.mulesoft.org/schema/mule/db" xmlns:json="http://www.mulesoft.org/schema/mule/json" xmlns:http="http://www.mulesoft.org/schema/mule/http" xmlns="http://www.mulesoft.org/schema/mule/core" xmlns:doc="http://www.mulesoft.org/schema/mule/documentation"
	xmlns:spring="http://www.springframework.org/schema/beans" 
	xmlns:xsi="http://www.w3.org/2001/XMLSchema-instance"
	xsi:schemaLocation="http://www.mulesoft.org/schema/mule/smtp http://www.mulesoft.org/schema/mule/smtp/current/mule-smtp.xsd
http://www.springframework.org/schema/beans http://www.springframework.org/schema/beans/spring-beans-current.xsd
http://www.mulesoft.org/schema/mule/core http://www.mulesoft.org/schema/mule/core/current/mule.xsd
http://www.mulesoft.org/schema/mule/db http://www.mulesoft.org/schema/mule/db/current/mule-db.xsd
http://www.mulesoft.org/schema/mule/http http://www.mulesoft.org/schema/mule/http/current/mule-http.xsd
http://www.mulesoft.org/schema/mule/json http://www.mulesoft.org/schema/mule/json/current/mule-json.xsd
http://www.mulesoft.org/schema/mule/ee/dw http://www.mulesoft.org/schema/mule/ee/dw/current/dw.xsd">
    <db:generic-config name="Teradata_Generic_Database_Configuration" url="jdbc:teradata://${teradata.host}/USER=${teradata.user},PASSWORD=${teradata.password}" driverClassName="${teradata.driver}" doc:name="Generic Database Configuration"/>
    <http:listener-config name="HTTP_Listener_Configuration" host="${http.host}" port="${http.port}" doc:name="HTTP Listener Configuration"/>
    <http:request-config name="HTTP_Request_Configuration" host="abid-ca-master-data.cloudhub.io" port="80" basePath="/v1" doc:name="HTTP Request Configuration">
        <http:proxy host="104.129.194.41" port="10128" username="Z919245" password="August!93"/>
    </http:request-config>
    <flow name="hierarchy_extractionFlow">
        <http:listener config-ref="HTTP_Listener_Configuration" path="/apoextract" allowedMethods="GET" doc:name="HTTP"/>
        <set-variable variableName="flowName" value="${sess_hierarchy_extract}_#[function:datestamp:yyyyMMdd]_#[function:datestamp:HHmmss]" doc:name="flowName"/>
        <set-variable variableName="module" value="${sess_modul_hier_ext}" doc:name="moduleName"/>
        <flow-ref name="sessionIdGeneration" doc:name="sessionIdGeneration"/>
        <flow-ref name="sessionStartLogging" doc:name="sessionStartLogging"/>
        <expression-component doc:name="Expression"><![CDATA[app.registry.put('hierextflow',flowVars.flowName);]]></expression-component>
        <expression-component doc:name="Expression1"><![CDATA[app.registry.put('hh',flowVars.sess_id.longValue());]]></expression-component>
        <db:delete config-ref="Teradata_Generic_Database_Configuration" doc:name="Truncate table">
            <db:parameterized-query><![CDATA[DELETE CSDI_SAP_S.customerHierarchyAPO ALL]]></db:parameterized-query>
        </db:delete>
        <http:request config-ref="HTTP_Request_Configuration" path="/customerHierarchyAPO?" method="GET" doc:name="HTTP Data Request">
            <http:request-builder>
                <http:query-param paramName="client_id" value="c27c25eaeeb640f3b5fd6203e8269e3d"/>
                <http:query-param paramName="client_secret" value="e7a00fb526394f1d82A7E34E2C96DFC2"/>
            </http:request-builder>
        </http:request>
        <json:json-to-object-transformer returnClass="java.util.HashMap" doc:name="JSON to Object"/>
        <set-payload value="#[payload['data']]" doc:name="Set Payload"/>
        <db:insert config-ref="Teradata_Generic_Database_Configuration" bulkMode="true" doc:name="Update table">
            <db:parameterized-query><![CDATA[INSERT INTO CSDI_SAP_S.customerHierarchyAPO VALUES (#[payload.customerId],#[payload.parentCustomerId],#[payload.storeNumber],CURRENT_TIMESTAMP)]]></db:parameterized-query>
        </db:insert>
        <logger level="INFO" doc:name="Logger"/>
        <exception-strategy ref="CatchExceptionStrategy" doc:name="Reference Exception Strategy"/>
    </flow>
    <catch-exception-strategy name="hierarchy_extractionCatch_Exception_Strategy">
    	<set-payload value="Error occurred in #[exception.event.flowConstruct.toString().substring(5,exception.event.flowConstruct.toString().length()-1)] : #[exception]" doc:name="errorPayload"/>
        <set-property propertyName="http.status" value="500" doc:name="httpErrorStatus"/>
        <logger message="#[payload]" level="INFO" doc:name="logger"/>
        <smtp:outbound-endpoint host="${smtp.host}" port="${smtp.port}" to="${error.toaddress}" from="${error.fromaddress}" subject="${error.subject}" replyTo="${error.fromaddress}" responseTimeout="10000" doc:name="errorEmail"/>
    </catch-exception-strategy>
    <catch-exception-strategy name="CatchExceptionStrategy">
            <set-variable variableName="exceptionMessage" value="#[exception.toString()]" doc:name="exceptionMessage"/>
            <scatter-gather doc:name="Scatter-Gather">
                <processor-chain>
                    <set-variable variableName="sess_id_fetched" value="#[app.registry.get('hh')]" doc:name="sessIdFetched"/>
                    <db:update config-ref="Teradata_Generic_Database_Configuration" doc:name="Database">
                    <db:parameterized-query><![CDATA[UPDATE CSDI_S.job_sess SET sess_stat='F',sess_end_dt= cast(CURRENT_DATE as TimeStamp(0)) + ((CURRENT_TIME - time '00:00:00') hour to second(0)),sess_stat_code=3  WHERE sess_id=#[flowVars.sess_id_fetched]]]></db:parameterized-query>
                    </db:update>
                    <set-variable variableName="flowName1" value="#[app.registry.get('hierextflow')]" doc:name="flowName"/>
                    <flow-ref name="sessionMsgLogging" doc:name="sessionMsgLogging"/>
                </processor-chain>
                <flow-ref name="exceptionBlock" doc:name="exceptionBlock"/>
            </scatter-gather>
     </catch-exception-strategy>    
</mule>
